Customer ID,Month_1,Month_2,Month_3,Month_4,Month_5,Month_6,Month_7,Month_8,Month_9,Month_10,Month_11,Month_12,Month_13
Customer 1,34.93,28.91,38.16,25.47,32.89,26.6,21.37,18.68,33.48,16.18,29.46,18.63,0
Customer 2,37.84,27.94,14.5,31.25,14.49,29.03,27.06,35.85,23.97,25.54,16.26,27.79,0
Customer 3,17.29,36.99,34.17,24.59,20.13,23.23,32.26,28.27,37.36,33.63,27.5,16.64,0
Customer 4,19.93,12.88,24.67,9.6,28.63,20.43,11.92,20.01,30.38,31.85,25.98,26.28,0
Customer 5,20.07,21.3,13.33,21.45,19.38,18.75,49.35,11.4,41.12,30.74,16.57,33.61,0
Customer 6,23.62,20.62,30.13,35.71,17.69,21.57,29.21,29.62,37.79,18.39,33.29,36.35,0
Customer 7,22.48,18.91,28.12,39.78,40.06,11.44,33.08,25.79,20.13,30.58,20.87,21.57,0
Customer 8,23.2,32.23,30.22,23.92,29.97,30.26,20.55,20.72,20.31,22.58,29.25,18,0
Customer 9,27.37,23.42,35.46,15.25,25.85,27.33,21.57,21.39,26.29,24.7,32.97,29.09,0
Customer 10,25.92,14.67,33.51,28.15,30.82,19.72,33.33,21.08,14.37,23.43,14.71,22.34,0.47
Customer 11,32.33,14.79,15.1,9.14,21.71,33.14,18.56,18.71,24.83,18.65,16.9,20.54,0
Customer 12,15.82,28.03,34.93,46.91,27.88,22.55,30.08,17.12,39.47,30.79,23.17,31.93,0.24
Customer 13,25.15,27.72,19.06,26.13,39.7,21.41,29.37,36.93,22.75,20.78,28.62,17.21,0
Customer 14,15.18,32.39,37.87,23.25,16.43,26.48,26.4,16.11,25.82,24.61,12.91,24.6,0
Customer 15,31.79,14.69,19.87,23.35,26.46,31.32,11.58,36.23,28.07,21.09,20.13,19.27,0
Customer 16,16.59,31.83,28.93,20.93,18.27,29.62,17.53,33.47,20.34,19.45,22.99,26.53,0
Customer 17,20.18,20.43,35.92,47.97,23.91,25.58,30.63,26.52,21.57,19.93,21.52,20.69,0
Customer 18,23.15,16.29,15.51,24.51,22.69,15.72,26.45,23.16,15.52,24.5,29.02,36.92,0.89
Customer 19,30.49,23.19,21.11,22.9,31.32,33.25,22.35,21.77,34.68,26.19,19.08,29.13,0.28
Customer 20,16.27,16.34,34.79,26.09,18.24,8.9,31.62,19.84,22.69,46.7,18.32,14.78,3.16
Customer 21,23.68,13.13,29.1,29.29,25.99,29.29,24.45,22.09,22.59,29.98,21.26,29.68,0
Customer 22,20.23,43.61,22.11,11.09,27.77,24.02,35.01,24.45,16.08,27.09,29.4,22.4,0.24
Customer 23,37.06,25.42,21.74,39.2,18.63,22.34,42.22,20.14,20.92,21.99,14.17,28.86,0
Customer 24,27.34,14.49,8.03,18.17,23.7,32.49,39.52,26.43,18.11,23.79,31.96,35.15,0
Customer 25,17.33,28.47,26.94,31.71,13.74,30.48,29.63,26.86,21.64,29.11,21.63,23.06,1.4
Customer 26,25.25,23.84,23.15,21.81,25.31,21.98,21.28,18.36,29.68,35.7,19.46,20.32,3.08
Customer 27,21.19,14.75,21.4,20.97,33.13,29.17,17.59,30.76,21.13,25.35,41.77,19.53,0
Customer 28,38.55,21.6,16.55,16.22,10.65,27.05,27.76,37.63,21.86,19.93,18.44,9.79,0
Customer 29,32.85,24.74,20.62,14.54,19.18,23.56,21.75,25.91,27.87,12.58,32.59,22.48,0
Customer 30,15.08,20.54,26.42,24.55,20.48,31.69,41.59,21.72,23.86,16.28,17.32,15.49,0
Customer 31,16.58,20.95,23.93,19.75,25.59,13.84,20.08,14.14,24.16,27.27,31.38,25.48,2.46
Customer 32,22.59,41.2,33.13,31.11,21.72,15.07,16.65,24.94,23.96,32.53,37.92,38.6,0.95
Customer 33,42.92,16.02,22.9,19.44,9.67,15.73,16.89,29.14,29.43,19.78,13.41,15.55,0
Customer 34,21.05,14.96,32.22,27.31,24.04,35.23,14.58,24.79,14.4,40.82,23.51,30.47,0
Customer 35,13.82,15.68,22.98,27.98,28.79,37.6,49.62,34.03,17.16,34.64,26.1,5.6,0.41
Customer 36,24.58,19.21,14.89,32.54,9.87,30.59,19.81,25.71,14.94,24.23,21,31.72,0
Customer 37,16.21,22.78,15.75,33.46,27.73,34.95,16.27,22.42,27.3,27.08,25.1,26.4,0
Customer 38,19.4,2.62,13.44,22.51,15.69,28.07,28.06,42.45,21.81,26.27,16.05,33.74,0.75
Customer 39,21.25,10.8,13.09,34.16,42.61,16.11,19.8,26.69,28.02,10.23,37.69,23.87,0.31
Customer 40,21.19,33.74,30.7,29.57,11.15,34.8,21.97,31.5,28.57,18.38,34.35,20.11,1.23
Customer 41,21.15,31.34,34.31,17.09,25.99,14.41,29.03,26.88,26.21,28.9,22.4,29.76,0
Customer 42,21.39,24.75,18.46,39.79,36.16,24.18,13.87,17.57,23.04,19.88,29.61,11.93,2.69
Customer 43,19.69,38.87,28.23,17.14,16.53,19.26,8.79,28.06,26.78,33.74,24.33,23.11,0
Customer 44,25.32,13.88,15.37,19.01,27.67,23.59,23.8,21.98,21.23,26.88,21.63,31.85,0
Customer 45,34.61,21.56,29.24,51.09,31.22,24.52,28.96,27.56,17.11,32.62,33.65,21.44,0
Customer 46,21.62,26.27,26.92,18.57,9.55,23.14,21.45,33.05,16.51,33.59,39.18,25.09,1.97
Customer 47,45.53,25.91,33.5,22.78,22.53,6.98,7.74,17.5,15.82,46.16,20.65,29.6,6.52
Customer 48,37.7,26.72,14.46,34.62,26.23,32.03,24.06,16,30.64,38.5,17.17,29.16,0
Customer 49,13.79,21.6,30.27,30.68,17.07,21.52,36.32,21.44,17.84,38.77,23.66,23.27,1.63
Customer 50,19.95,21.71,34.21,35.69,34.08,12.91,11.6,35.91,21.88,35.3,22.85,34.73,0
Customer 51,9.78,25.65,26.9,39.41,29.41,30.3,30,26.32,21.22,20.46,18.52,25.52,4.25
Customer 52,17.17,35.11,22.38,16.86,18.43,32.71,9.16,38.83,19.02,30.97,45.74,15.35,0.17
Customer 53,18.12,25.89,36.52,17.96,13.79,23.66,14.19,14.3,28.22,20.47,21.61,23.1,0
Customer 54,21.71,11.52,20.79,13.58,14.39,33.52,34,29.62,23.7,32.75,27.25,27.45,0.32
Customer 55,28.61,25.91,16.62,40.64,33.27,24.94,13.01,28.63,11.83,29.49,17.9,25.35,0.35
Customer 56,27.91,23.98,33.22,9.01,32.59,25.76,27.77,19.16,24.54,12.8,26.18,17.33,3.2
Customer 57,26.9,43.34,17.34,34.97,15.37,13.5,36.15,29.89,22.32,28.17,24.33,27.97,0
Customer 58,28.14,22.83,25.67,35.39,11.52,21.74,21.8,22.08,19.47,31.87,22.24,24.22,0
Customer 59,13.87,17.35,31.73,27.21,20.37,31.93,30.34,25.2,25.4,25.84,25.06,22.95,0
Customer 60,30.07,23.86,31.77,21.39,26.38,31.74,29,29.96,17.76,25.72,15.39,18.1,0
Customer 61,37.77,33.79,35.55,46.27,35.4,28.28,25.75,22.87,35.46,30.72,13.06,21.56,1.38
Customer 62,11.99,29.21,19.91,29.53,21.31,17.81,27.13,31.96,29.39,22.88,20.83,28.83,3.6
Customer 63,29.17,24.52,21.69,18.87,4.24,24.57,27.8,21.29,20.46,31.13,19.95,27.84,1.1
Customer 64,27.16,30.43,18.33,19.31,21.29,22.53,36.09,46.79,30.63,18.23,17.49,21,0
Customer 65,28.78,16.77,25.93,26.98,22.86,33.17,20.33,31.29,30.62,23.01,12.47,45.14,0
Customer 66,32.06,26.96,29.78,33.13,23.96,22.69,11.45,30.77,31.83,13.61,18.61,21.78,0
Customer 67,29.71,22.11,30.84,13.91,31.91,17.13,17.5,22.99,28.48,12.38,29.83,25.98,0
Customer 68,27.52,21.96,22.86,23.23,39.24,29.08,19.29,22.39,24.88,14.97,32.18,21.27,1.08
Customer 69,35.99,39.59,12.5,31.06,14.91,29.56,22.66,18.1,27.06,28.62,23.63,25.56,2.89
Customer 70,29.08,22.19,18.73,26.27,27.31,32.89,34.09,21.64,17.87,28.02,14.52,14.56,0
Customer 71,17.61,21.4,22.17,22.47,31.88,24.82,23.53,26.63,31.59,24.33,17.14,28.87,0
Customer 72,28.86,29.17,24.62,22.93,24.02,17.13,14.27,18.03,27.14,25.53,21.97,34.85,0
Customer 73,18.01,15.39,28.17,37.58,21.37,25.01,24.03,23.91,34.26,20.68,36.68,29.77,1.11
Customer 74,30.02,7.72,44.18,31.27,38.19,18.88,38.82,26.98,16.39,24.23,38.7,24.03,0
Customer 75,21.6,17.25,23.53,33.8,19.91,36.71,21.79,16.7,21.91,20.99,14.63,17.74,2.39
Customer 76,29.7,12.7,15.61,27.21,20,20.05,24.12,14.12,23.47,40.34,14.04,16.84,1.01
Customer 77,19.65,37.75,37.18,19.06,28.99,25.33,25.81,22.05,17.23,46.31,16.26,30.19,0
Customer 78,10.05,9.85,34.01,17.25,22.21,16.34,28.72,17.79,20.4,25.95,30.13,37.23,0
Customer 79,21.78,21.33,22.28,27.99,25.92,27.63,38.31,35.38,17.09,20.92,18.27,15.53,4.77
Customer 80,24.29,33.66,14.01,27.1,34.68,27.48,30.08,33.7,20.22,15.7,33.89,34.78,0
Customer 81,24.54,11.06,18.05,17.85,26.34,19.04,29.01,29,26.67,40.98,23.32,18.67,4.16
Customer 82,21.73,16.64,38.93,30.57,26.06,31.73,14.96,31.7,24.97,34.01,32.12,19.63,0
Customer 83,16.27,23.58,31.56,17.82,27.7,42.91,30.03,24.73,38.8,20.75,17.91,33.73,0.3
Customer 84,24.3,20.21,51.61,28.15,20.87,28.05,27.31,18.66,18.48,22.66,32.55,31.42,1.46
Customer 85,34.4,26.53,29.41,28.82,28.2,20.71,23.33,24.71,22.91,11.99,30.1,27.32,0
Customer 86,23.46,20.41,26.16,25.64,27.7,26.9,25.23,16,33.59,28.39,20.9,32.83,1.22
Customer 87,24.63,23.23,27.4,22.97,35.32,17.11,26.22,14.8,32.78,16.01,21.27,28.37,2.42
Customer 88,27.95,12.01,20.62,35.56,19.06,21.75,35.63,16.8,31.25,28.67,30.58,27,0.58
Customer 89,22.72,22.23,28.32,18.4,14.3,22.63,15.63,23.7,19.76,16.63,32.08,34.04,0
Customer 90,30.23,14.85,27.6,18.44,16.04,14.38,16.97,16.45,27.7,15.28,16.51,23.61,1.78
Customer 91,28.12,15.27,25.98,33.68,26.56,20.01,33.26,4.36,20.03,35.11,42.39,38.48,0
Customer 92,25.21,24.67,30.43,12.5,28.87,37.23,34.66,29.83,19.75,19.24,27.15,28.02,0
Customer 93,14.86,15.96,26.65,33.96,18.45,13.99,22.68,17.1,36.21,17.54,18,42.83,0
Customer 94,13.84,17.27,31.39,26.16,19.18,38.41,17.65,30.49,24.4,39.24,21.57,39.22,0.76
Customer 95,32.16,26.24,32.76,43.43,19.33,15.17,45.99,28.47,22.98,28.89,28.81,21.94,0
Customer 96,17.41,27.85,32.84,30.14,24.84,29.13,27.18,15.1,30.47,11.1,15.25,19.29,0
Customer 97,17.89,25.79,27.3,22.1,36.34,22.3,23.27,27.57,21.29,38.37,23.32,22.81,0.46
Customer 98,37.06,23.22,16.62,25.19,13.98,34.97,33.47,19.85,15.38,21.22,25.84,24.6,0
Customer 99,37.16,21.98,21.8,27.25,35.54,24.47,7.45,27.03,24.17,21.93,26.29,23.94,1.91
Customer 100,29.28,24.92,16.31,27.94,27.78,22.27,25.16,35.4,21.6,22.73,27.45,31.42,0
Customer 101,26.9,17.56,24.15,20.35,36.17,30.6,29.61,23.94,20.56,10.42,10.51,26.67,0
Customer 102,34.35,23.19,26.23,25.18,29.66,33.41,12.83,20.28,31.19,25.93,30.03,28.98,0.37
Customer 103,44.42,26.74,19.41,19.12,38.95,26.32,32.7,15.13,29.02,28.49,36.97,39.17,0
Customer 104,21.76,26.01,30.66,33.3,22.36,37.05,20.86,20.64,23.4,22.12,23.98,16.7,0
Customer 105,50.17,15.28,29.21,37.03,16.15,24.03,31.67,13.48,29.49,17.91,20.1,33.21,0
Customer 106,35.62,13.84,14.76,15.97,21.66,20.64,42.71,29.84,27.63,25.36,18.01,21.66,0
Customer 107,10.82,38.01,16.4,15.35,38.61,24.54,23.72,20.02,20.94,28.91,10.22,14.13,0
Customer 108,25.11,25.51,24.95,29.59,22.43,37.02,29.46,23.65,16.07,20.36,21.96,15.62,0.21
Customer 109,46.32,23.55,25.87,19.72,20.97,9.91,20.03,32.7,17.34,17.88,20.65,16.85,3.11
Customer 110,29.68,29.34,18.81,15.08,33.32,19.65,25.69,26.89,53.77,33.37,18.72,26.25,0
Customer 111,43.71,25.07,28.8,39.37,29.28,25.12,19.97,19.84,18.92,16.51,29.08,28.64,0.5
Customer 112,23.36,16.04,16.94,26.97,21.61,21.8,29.55,28.48,30.23,25.6,30.96,22.86,0.61
Customer 113,27.47,31.27,14.41,32.34,37.74,17.62,11.44,32.21,29.99,27.47,38.85,24.25,0
Customer 114,32.77,13.3,17.74,14.89,14.39,24.13,38.69,30.41,26.69,44.22,22.82,40.64,1.03
Customer 115,31.9,26.08,17.83,28.35,33.05,35.87,22.13,22.62,14.45,16.32,36.53,51.65,5.91
Customer 116,33.53,18.87,14.01,22.24,23.24,18.46,22.12,19.24,20.3,36.45,24.67,27.62,2.7
Customer 117,19.12,25.09,20.31,31.51,17.37,23.42,32.7,39.06,23.08,20.98,19.73,16.49,0
Customer 118,23.07,21.3,20.55,42.01,30.97,17.61,39.01,8.78,25.26,29.89,16.93,21.85,0
Customer 119,16.77,35.44,26.54,30.5,19.95,19.26,25.41,15.45,28.98,10.67,21.56,39.21,0
Customer 120,33.06,5.77,23.31,30.06,24.78,28.28,20.93,14.99,18.77,24.29,32.95,14.87,5.99
Customer 121,41.89,24.86,29.31,22.71,17.91,18.86,18.49,25.58,17.77,28.95,36.72,36.78,0
Customer 122,22.76,39.47,31.34,38.45,14.3,25.38,22.6,25.91,21.42,22.96,26.54,31.53,0
Customer 123,22.41,18.39,33.67,21.97,31.2,29.03,18.79,18.48,13.11,34.96,26.56,26.3,0
Customer 124,28.05,21.56,20.64,23.04,14.08,26.55,20.54,31.3,19.75,19.83,19.08,35.02,0.42
Customer 125,24.29,28.05,21.39,20.64,21.16,22.2,19.99,23.7,27.58,32.43,23.43,16.92,0
Customer 126,20.37,22.55,18.82,29.92,43.68,25.64,20.18,26.04,13.09,34.64,28.26,17.58,0
Customer 127,24.31,17.48,26.85,28.95,34.75,34.32,18.11,14.43,40.85,32.79,14.85,20.45,0
Customer 128,25.01,40.85,15.96,25.14,20.22,18.76,22.74,43,17.61,20.23,29.58,21.16,0
Customer 129,18.88,32.69,21.42,10.63,28.51,40.14,38.25,30.83,20.17,14.23,26.77,19,0
Customer 130,20.81,29.72,20.09,18.91,23.02,25.01,35.23,18.1,16.77,49.91,17.94,24.5,0
Customer 131,21.09,12.98,41.14,22.67,21.09,38.43,16.69,30.3,22.49,34.98,30.37,24.96,0.45
Customer 132,19.15,29.23,16.2,30.49,25.93,18.3,32.17,14.4,35.56,23.83,22.91,38.12,0
Customer 133,50.54,41,17.17,24.33,27.28,29.59,36.66,26.51,23.91,25.72,32.52,28.91,0
Customer 134,29.59,27.34,18.47,21.91,21.26,27.35,17.89,30.31,17.24,30.76,20.23,27.17,0.72
Customer 135,27.79,23.29,25.43,17.86,16.15,25.45,13.15,26.46,19.77,18.5,21.84,12.21,0
Customer 136,32.47,24.68,21.22,35.94,24.93,21.3,34.73,39.67,24.21,30.68,10.48,14.95,1.19
Customer 137,28.26,10.88,28.88,27.64,28.56,19.04,29.69,20.9,22.41,18.84,34.67,36.81,0
Customer 138,36.06,26.02,20.35,17.64,15.26,18.54,21.88,20.15,21.17,24.56,23.9,31.91,0
Customer 139,27.84,17.12,33.54,22.9,33.11,27.04,21.9,26.14,23.7,28.2,22.22,9.9,0
Customer 140,22.8,26.28,21.93,15.08,26.2,14.69,27.07,23.9,32.87,18.59,10.13,30.6,0
Customer 141,24.72,28.67,34.06,18.69,30.17,15.97,23.55,15.81,20,20.64,14.39,7.84,4.17
Customer 142,18.77,41.51,14.08,16.16,16.02,36.09,25.52,27.5,31.54,18.48,19.67,26.15,0.97
Customer 143,37.15,50.18,36.5,23.52,28.08,33.37,33.38,17.85,31.3,26.33,26.39,31.25,0
Customer 144,19.2,25.25,26.57,26.07,20.24,38.03,24.05,19.66,27.05,24.34,38.11,30.79,2.87
Customer 145,43.88,16.12,21.94,18.41,40.42,20.14,25.78,23.78,11.86,23.64,26.8,53.45,0
Customer 146,21.79,9.7,10.84,28.98,30.13,32.01,28.49,13.76,27.35,25.86,45.34,26.4,1.34
Customer 147,13.8,30.1,34.24,20.99,31.6,32.32,32.19,36.84,12.22,15.79,27.62,23.29,0.2
Customer 148,22.09,11.57,26.92,31.28,29.12,18.86,20.95,27.27,21.53,28.75,22.63,23.42,1.71
Customer 149,29.5,38.55,38.61,16.35,10.76,29.01,27.22,42.87,24.16,32.84,27.94,12.39,2.76
Customer 150,29.62,35,19.02,35.35,23.26,21.59,25.52,42.25,18.07,18.93,49.03,22.58,1.67
Customer 151,35.75,31.5,46.5,16.23,33.16,39.08,41.22,19.84,28.62,28.29,14.28,24.24,0
Customer 152,35.01,28.99,33.35,21.31,25.83,24.16,33.89,36.96,25.16,35.43,20,31.5,0
Customer 153,28.42,34.48,20.13,18.74,30.44,17.01,28.1,21.62,35.94,17.96,29.63,28.96,5.03
Customer 154,13.02,34.92,11.2,23.39,40.88,26.73,20.36,29.21,35.07,17.45,15.83,23.47,1.78
Customer 155,25.14,19.44,24.95,17.58,23.9,21.99,22.61,15.2,21.23,40.57,39.51,52.54,0
Customer 156,16.62,28.41,27.41,33.39,33.63,28.44,9.08,17.57,18.78,39.89,26.22,26.83,0
Customer 157,30.3,14.42,17.07,33.23,21.81,15.11,27.96,13.06,37.93,22.94,19.09,20.19,0
Customer 158,20.88,32.41,8.75,25.51,22.41,21.97,22.46,23.03,35.58,19.09,24.68,20.21,0
Customer 159,21.26,21.54,12.34,24.99,15.6,13.98,39.92,24.36,27.33,38.79,19.89,21.59,0
Customer 160,19.3,14.91,27.1,30.11,22.69,17.12,18.08,21.92,40.77,25.78,32.29,21.83,0.91
Customer 161,26.68,21.08,41.09,36.53,33.98,30.26,39.48,34.04,24.97,15.01,23.73,21.65,0
Customer 162,26.89,29.55,29.62,21.66,18.9,18.73,20.57,26.33,19.78,29.04,22.22,33.58,0
Customer 163,25.93,36.87,18.83,35.25,24.29,37.61,28.89,12.97,23.79,33.43,41.01,28.86,0
Customer 164,29.6,26.34,33.8,24.49,24.77,32.99,15.91,35.99,15.25,13.1,20.41,45.16,0.81
Customer 165,25.58,12.11,10.2,22.08,18.18,16.78,26.36,29.97,25.02,24.06,15.08,13.6,0
Customer 166,29.01,19.85,30.24,19.29,24.2,21.35,24.06,31.51,27.26,40.03,14.63,22.67,0
Customer 167,29.68,20.97,30.31,20.58,21.59,22.73,24.7,19.66,20.33,31.36,33.36,23.15,2.55
Customer 168,22.93,23.84,23.64,27.78,27.72,27.04,28.53,19.08,29.58,16.83,16.35,20.05,3.84
Customer 169,26.81,19.9,33.07,24.69,23.32,19.74,36.01,17,26.73,22.86,19.87,37.51,0
Customer 170,23.88,23.67,9.82,16.13,29.68,45.07,46.18,39.77,24.85,25.5,31.23,24.65,0.53
Customer 171,16.7,27.56,27,38.85,28.6,22.45,26.74,10.36,23.8,10.74,24.4,14.72,0.38
Customer 172,16.92,27.61,26.77,19.27,27.82,29.9,14.72,33.95,14.42,30.8,18.4,20.94,0.2
Customer 173,30.54,33.36,10.43,20.4,22.72,25.37,19.89,20.57,28.62,24.86,28.69,19.23,0.45
Customer 174,21.36,23.98,40.21,26.52,26.64,23.4,20.54,27.1,16.73,37.19,25.65,24.95,2.77
Customer 175,17.95,22.72,19,30.6,31.15,28.42,15.8,35.74,19.81,21.38,25.9,2.04,0
Customer 176,24.95,32.2,43.91,40.69,32.41,32.15,23.05,14.55,23.97,27.96,28.75,12.72,0
Customer 177,22.73,24.45,28.25,12.33,32.98,29.87,37.56,15.62,32.26,32.99,14.4,27.9,0
Customer 178,32.05,33.89,26.43,33.18,35.63,27.31,28.13,21.48,18.32,15.2,32.75,23.54,0
Customer 179,35.43,27.1,27.49,17.73,36.68,25.62,21.59,20.74,25.58,22.07,39.26,36.78,0
Customer 180,19.15,17.21,8.12,41.48,30.93,22.75,33.9,17.45,27.41,32.77,35.16,33.12,0
Customer 181,34.83,36.49,25.63,24.83,23.92,25.41,15.78,36.35,17.45,22.23,15.81,18.03,1.58
Customer 182,16.25,35.79,16.23,23.02,46.39,15.4,30.4,29.67,27.11,31.84,29.76,20.35,0
Customer 183,31.31,26.27,18.07,30.86,25.83,30.19,18.12,41.11,21.65,16.49,27.19,20.85,0
Customer 184,32.37,9.69,28.03,21.91,17.21,34.08,24.72,16.55,49.56,17.67,12.78,24.2,0
Customer 185,21.08,21.52,13.16,21.18,13.76,28.69,17.1,22.96,25.61,17.88,19.64,23.05,5.59
Customer 186,31.12,26.03,19.81,25.29,19.71,15.96,28.84,24.35,23.71,25.68,17.56,29.9,0
Customer 187,26.86,17.89,20.98,24.44,25.06,17.25,28.23,35.62,26.18,14.74,34.16,44.75,3.4
Customer 188,22.94,35.8,41.22,27.35,39.28,20.62,33.22,24.21,17.61,18.7,21.02,27.65,0
Customer 189,23.45,20.27,24.25,14.84,33.88,22.58,22.21,31.84,22.66,33.14,18.37,23.67,0
Customer 190,21.22,29.58,26.59,25.48,28.32,16.35,26.65,19.54,41.78,22.63,21.05,14.68,0
Customer 191,23.03,11.74,24.27,29.28,30.97,24.61,15.89,22.27,27.87,29.61,18.6,23.1,0.58
Customer 192,16.1,29.2,15.44,36.69,42.07,27.33,27.48,20.13,17.33,24.65,23.54,16.87,0
Customer 193,38.8,31.47,24.06,34.97,13.61,32.58,27.12,22.1,24.82,31.12,24.37,23.15,0
Customer 194,21.82,16.27,22.96,21.66,31.86,23.48,33.57,22.43,19.85,37.11,27.3,13.09,0
Customer 195,18.93,20.49,21.83,28.33,26.11,19.55,26.37,27.22,29.64,28.93,18.42,45.36,0
Customer 196,19.56,15.33,14.6,34.6,28.82,13.77,27,21.75,25.13,30.78,9.16,32.41,0
Customer 197,27.69,12.33,23.97,19.43,19.32,21.72,33.76,28.33,19.99,33.08,37.98,22.68,5.28
Customer 198,19.7,22.57,17.06,18.29,28.24,24.09,24.15,10.53,12.81,18.39,25.25,24.71,4.65
Customer 199,24.15,24.82,35.02,23.46,37.18,24.18,23.77,24.82,18.23,22.06,38.47,19.88,1.13
Customer 200,29.53,22.25,26.67,29.03,19.92,14.93,28.49,27.05,35.84,20.02,13.69,14.92,0
Customer 201,41.31,19.05,43.28,32.93,16.45,14.83,24.73,18.12,30.61,28.81,25.53,36.42,0
Customer 202,25.29,13.72,14.08,27.06,19.09,15.42,29.82,17.08,10.4,17.96,19.25,37.28,4.58
Customer 203,18.93,39.12,8.35,32.46,39.93,14.87,13.76,23.86,35.3,28.38,33.3,35.71,1.53
Customer 204,16.35,24.73,26.82,13.5,41.62,24.99,44.73,27.63,28.08,33.75,6.55,28.16,0
Customer 205,27.59,19.88,20.8,38.25,43.37,23.26,26.03,16.56,46.79,34.29,37.06,31.54,1.55
Customer 206,22.46,15.58,28.51,46.56,22.84,11.5,35.23,26.7,36.04,25,19.55,30.86,0
Customer 207,22.36,21.96,28.36,30.34,29.69,38.12,24.07,22.58,6.4,25.1,8.22,9.91,2.35
Customer 208,23.19,24.06,20.58,20.41,20.48,15.09,30.9,27.57,21.17,21.55,38.9,19.06,0
Customer 209,22.39,36.55,19.65,10.09,38,33.41,30.25,29.93,19.8,29.42,8.73,11.23,0
Customer 210,24.57,11.72,21.49,28.52,33,32.8,30.5,25.16,14.57,23.57,19.62,16.44,0
Customer 211,28.53,28.77,17.55,20.88,32.48,18.21,6.79,35.39,22.52,23.05,16.75,30.88,0
Customer 212,33.31,26.37,9.93,12.88,27.89,19.55,14.87,33.03,25.19,31.43,26.47,22.58,1.98
Customer 213,40.07,19.87,25.74,29.11,26.32,26.52,26.98,32.12,28.84,27.57,17.52,17.94,0
Customer 214,22.68,24.39,13.39,24.86,18.65,25.79,25.47,23.6,19.74,12.85,21.74,22.37,0
Customer 215,18.01,7.09,25.52,24.37,23.22,37.94,26.77,21.59,23.35,24.14,21.79,14.47,4.26
Customer 216,30.49,22.71,22.55,17.38,23.95,23.54,25.9,24.31,19.89,47.08,30.24,25.49,3.61
Customer 217,37.26,28.33,30.25,24.94,32.69,23.35,37.03,31.35,17.03,26.25,28.2,28.73,0.94
Customer 218,39,28.94,20.17,17.05,38.67,19.2,15.05,6.5,31.44,37.7,27.78,19.85,0.44
Customer 219,17.54,29.5,31.65,23.56,24.39,16.49,11.43,30.58,29.41,20.81,34.17,29.26,1.24
Customer 220,12.76,13.99,25.75,11.53,21.15,22.4,18.38,27.2,27.87,14.04,8.59,39.29,3.02
Customer 221,29.75,17.75,26.38,30.97,28.56,21.29,16.71,34.79,25.15,23.22,18.02,41.47,0
Customer 222,29.04,15.59,34.64,26.17,16.68,29.87,26.17,37.24,13.49,28.86,26.51,27.98,0
Customer 223,14.12,23.18,29.08,15.6,15.25,26.81,41.24,29.11,24.09,27.38,28.62,25.88,1.15
Customer 224,19.17,28.15,23.05,21.48,43.16,19.08,26.42,17.7,31.6,18.42,31.59,18.42,0
Customer 225,16.33,8.94,35.53,33.74,34.76,27.09,18.78,31.25,23.58,30,25.16,40.24,0
Customer 226,15.58,19.94,32.08,28.47,17.18,23.6,29.83,28.03,31.2,18.06,27.73,24.65,0.35
Customer 227,15.97,21.51,32.6,24.58,19.95,27.61,25.38,33.18,22.72,14.69,22.95,27.29,0
Customer 228,30.96,9.14,24.67,30.92,15.04,23.51,24.47,31.99,17.65,25.03,27.58,41.14,0
Customer 229,15.06,35.65,26.82,31.21,22.96,25.23,33.38,25.94,28.97,23.72,15.63,22.77,1.54
Customer 230,22.41,16.22,27.53,26.5,31.37,26.68,19.28,36.23,14.84,22.31,36.14,40.05,0
Customer 231,25.58,16.19,27.05,15.39,28.2,31.53,29.25,20.37,13.76,36.78,20.12,11.25,0
Customer 232,29.82,27.41,9.83,25.66,24.88,33.02,41.66,21.5,31.98,33.02,13.5,26.95,0
Customer 233,16.43,29.38,14.49,28.43,9.98,25.87,12.99,24.64,13.52,29.67,30.81,26.51,0
Customer 234,27.62,15.7,37.07,31.33,11.58,28.19,17.07,20.74,34.42,9.6,23.51,29.74,0
Customer 235,30.88,29.64,30.64,15.99,14.37,46.29,36.77,25.33,17.58,27.59,27.88,38.86,1.6
Customer 236,42.34,24.77,34.81,23.65,39.05,25.88,29.53,30.44,28.62,28.92,20.92,28.49,0
Customer 237,30.62,16.02,21.64,22.71,11.16,25.3,40.15,22.98,22.41,26.54,29.38,24.93,1.16
Customer 238,30.46,19.48,25.64,21.1,27.97,30.84,27.15,37.46,33.1,33.87,26.82,19.22,0
Customer 239,17.65,22.08,10.21,25.15,24.54,34.89,23.66,16.5,16.59,17.62,22.25,23.77,0.52
Customer 240,24.15,17.17,12.61,26.34,26.44,25.7,19.58,40.29,33.28,18.85,27.26,20.97,1.29
Customer 241,25.52,33.48,15.02,20.99,21.06,18.24,19.79,18.35,30.73,24.61,31.83,23.03,0.38
Customer 242,26.72,12.22,23.92,21.69,19.68,26.46,18.08,15.47,29.48,33.7,18.57,19.58,0
Customer 243,20.02,17.34,27.85,21.08,16.92,16.72,25.79,28.46,26.13,33.13,18.32,25.96,0
Customer 244,19.02,22.07,14.06,22.2,13.08,22.28,23.99,12.29,26.7,27.58,21.79,34.61,5.04
Customer 245,26.69,10.23,19.15,31.98,26.35,19.68,36.01,36.56,18.98,23.2,32.83,22.91,0
Customer 246,19.42,27,18.95,25.33,20.73,36.72,30.65,20.45,24.37,35.62,14.37,29.21,0
Customer 247,34.39,16.05,16.6,38.6,41.03,26.28,18.02,15.55,11.53,20.41,25.66,23.65,0.61
Customer 248,27.79,17.17,20.01,19.5,28.46,26.71,18.21,35.15,20.83,24.01,27.05,26.71,0
Customer 249,34.16,21.48,15.02,33.55,26.05,23.93,33.65,27.04,22.42,27.11,16.05,10.99,0
Customer 250,32.38,29.02,20.14,20.93,44.57,26.83,23.43,42.27,18.38,23.02,16.03,18.49,0
Customer 251,8.71,12.15,27.63,26.63,20.09,20.31,23.54,12.29,23.64,33.91,22.42,13.7,0
Customer 252,14.3,8.51,21.79,16.57,36.04,26.76,23.04,31.45,27.34,16.5,30.01,20.16,0
Customer 253,19.85,8.08,17.46,22.41,27.84,18.62,22.61,25.59,26.88,28.25,8.59,32.28,0
Customer 254,15.9,17.63,29.62,27.16,20.92,22.61,23.95,43.7,20.26,30.82,7.19,19.03,0
Customer 255,21.61,39.02,20.57,19.13,20.21,29.3,18.84,24.27,31.87,17.88,15.98,21.16,1.53
Customer 256,49.4,22.76,36.42,42.63,26.26,40.11,27.08,25.31,14.76,26.71,12.34,14.89,0
Customer 257,14.91,32.76,40.04,25.16,41.17,25.02,29.32,18.46,27.38,29.64,26.65,12.6,3.49
Customer 258,17.42,20.69,22.45,22.2,33.3,20.3,20.61,20.1,21.8,30.75,30.8,25.99,0
Customer 259,32.66,13.46,32.16,39.56,13.77,28.48,34.12,21.45,13.51,38.2,25.21,9.56,0
Customer 260,26.38,22.72,18.6,17.9,55.45,26.03,32.69,25.38,32.95,33,42.41,18.7,0.2
Customer 261,36.07,18.89,15.06,28.23,26.37,26.32,34.65,43.16,23.77,25.46,23.96,50.14,1.53
Customer 262,20.78,30.57,17.57,23.3,35.58,22.47,17.85,32.39,16.08,38.94,33.63,30.75,3.1
Customer 263,31.35,21.27,37.29,28.24,14.98,26.02,14.79,34.56,29,30.25,23.02,24.81,0.46
Customer 264,43.85,29.68,28.96,24.59,23.64,33.54,21.21,15.9,23.41,37.31,21.78,23.41,0.28
Customer 265,19.45,11.94,23.4,18.44,45.54,14.37,14.42,24.22,15.59,18.94,35.84,17.96,0.91
Customer 266,40.36,20.08,18.57,16.23,26.38,31.84,30.43,22.27,26.57,19.73,24.15,12.6,0
Customer 267,33.64,16.34,16.73,14.51,32.79,27.61,30.24,13.18,21.24,32.02,25.07,23.24,0
Customer 268,22.75,26.79,29.52,24.02,19.3,37.36,24.91,22.37,21,37.15,23.54,34.15,0
Customer 269,18.25,28.28,34.02,20.64,26.13,29.64,23.31,26.4,23.25,30.6,29.65,24.1,0
Customer 270,24.4,26.2,11.08,29.87,32.26,32.63,20.34,35.78,20.52,21.61,17.65,30.39,0.72
Customer 271,34.26,22.77,35.28,26.4,28.77,25.78,25.21,21.24,26.35,21.83,29,15.66,0.47
Customer 272,19.74,17.49,16.36,18.85,32.35,18.85,42.43,22.98,19.02,22.85,42.05,41.35,1.24
Customer 273,24.85,39.36,29.89,41.55,11.68,27.22,25.93,15.97,27.23,26.12,55.67,24.57,1.25
Customer 274,36.91,25.72,30.88,30.45,41.18,30.4,34.51,12.12,14.06,19.72,33.55,20.26,0
Customer 275,24.13,17.75,18.25,18.98,19.11,38.64,40.37,43.59,14.26,33.26,18.97,23.26,0.41
Customer 276,21.73,34.27,25.06,18.03,22.62,21.68,28.13,26.49,31.28,40.95,15.4,22.38,0.93
Customer 277,35.13,23.39,18.27,37.44,11.56,35.34,24.13,22.41,17.29,16.52,35.24,25.83,0
Customer 278,20.15,21.73,13.85,27.1,21.42,33.06,22.93,37.4,26.21,35.35,20.62,22.86,1.12
Customer 279,45.56,31,22.36,18.4,24.14,23.3,29.5,24.94,18.06,31.46,20.07,26.6,0
Customer 280,33.83,21.56,39.98,13.3,32.04,27.81,20.05,17.31,12.99,26.79,42.36,15.4,0
Customer 281,32.92,20.54,20.17,28.35,18.9,23.11,27.13,18.09,25,32.64,17.67,20.36,0
Customer 282,20.74,23.02,19.08,20.95,35.07,25.36,36.52,32.36,27.68,24.79,16.16,22.09,0.44
Customer 283,25.5,22.45,24.78,14.63,12.06,46.91,17.69,15.01,22.95,11.3,27.68,25.44,0
Customer 284,29.56,26.26,18.29,28.24,24.27,18.86,17.93,19.93,24.42,44.56,31.43,28.84,0
Customer 285,23.89,44.17,22.42,27.06,17.99,31.79,29.92,18.28,15.8,32.61,13.28,8.75,0
Customer 286,20.73,30.15,37.84,11.11,37.56,25.38,29.09,23.18,23.55,21.78,27.91,19.87,0.56
Customer 287,10.57,14.21,26.13,27.97,30.82,12.07,32.92,16.05,14.61,29.04,22.07,14.96,1.33
Customer 288,29.19,14.55,31.99,38.93,19.69,17.18,34.67,24.51,22.69,17.46,25.89,12.8,0
Customer 289,32.59,16.08,22.41,27.52,26.91,22.61,37.43,18.88,33.94,48.34,9.94,25.87,0.68
Customer 290,25.21,31.49,34.83,19.62,32.55,44.05,25.19,27.28,38.22,46.4,24.09,20.49,3.3
Customer 291,29.97,23.17,34.52,10.54,6.46,21.83,20.88,23.35,28.28,22.89,21.31,18.1,0
Customer 292,26.53,22.45,10.81,15.79,29.62,15.88,17.31,13.02,23.96,17.99,21.48,6.5,2.3
Customer 293,23.75,21.37,16.01,27.3,24.22,12.51,26.22,15.75,27.52,29.15,25.98,28.35,0.31
Customer 294,15.23,23.37,28.56,24.78,34.72,34.37,20.08,26.28,31.62,20.86,28.71,15.86,0
Customer 295,12.83,9.84,28.16,27.86,32.02,36.78,26.52,24.22,20.28,20.89,19.65,24.43,0
Customer 296,34.11,24.99,23.32,27.11,22.01,19.95,26.76,25.83,12.51,18.36,26.96,29.1,0.32
Customer 297,25.68,13.73,22.48,39.62,27.26,22.03,22.16,24.69,28.53,23.96,13.59,34.22,0
Customer 298,25.87,28.14,19.65,22.71,26.32,22.13,17.32,37.48,17.39,20.6,24.07,33.01,1.57
Customer 299,13.35,38.88,19.37,32.92,27.13,23.32,22.71,19.98,19.31,22.54,39.32,17.53,0.76
Customer 300,27.65,12.22,30.52,41.84,18.94,22.37,17.58,16.29,24.6,12.16,22.8,32.03,6.31
Customer 301,12.63,19.01,21.92,21.75,14.13,18.85,25.48,20.54,28.28,20.13,30.35,33,0.89
Customer 302,21.99,32.59,23.85,12.82,32.78,33.45,19.62,18.32,19.95,23.64,33.55,23.31,4.92
Customer 303,20.16,32.6,30.13,19.55,17.49,38.6,28.83,28.55,19.82,19.55,23.12,27.41,0
Customer 304,30.58,32.18,22.53,26.14,24.38,20.11,23.82,17.39,10.52,22.95,21.31,27.82,1.36
Customer 305,38.12,24.99,34.58,15.45,16.95,20.92,23.32,33.71,33.53,23.16,16.81,30.24,0
Customer 306,22.07,19.03,32.38,35.25,23.44,30.17,33.44,36.19,21.97,32.68,22.76,27.23,0
Customer 307,17.67,27.84,17.2,23.02,21.23,32.42,24.21,30.39,21.32,34.36,26.04,13.56,0
Customer 308,40.13,29.07,23.03,18.65,20.16,20.28,31.06,30.92,18.8,17.16,27.21,38.97,0
Customer 309,14.01,23.58,31.56,15.2,13.54,23.21,10.4,24.12,21.26,25.98,25.64,22.92,0
Customer 310,15.09,29.89,32.37,31.97,24.33,16.35,34.78,22.02,25.7,28.86,20.16,29.76,0
Customer 311,17.34,22.82,12.68,22.54,21.98,20.95,33.91,32.36,20.27,26.27,25.29,19.17,0.75
Customer 312,20.54,17.27,32.56,20.48,31.12,11.66,17.28,20.68,18.78,19.29,10.45,29.71,2.56
Customer 313,24.29,33.45,24.82,28.85,27.4,25.39,28.87,19.34,25.08,35.36,13.26,22.48,0
Customer 314,22.9,16.9,21.58,31,25.8,29.65,12.66,33.69,19.58,9.37,21.47,28.64,0
Customer 315,29.63,17.43,30.53,34.74,26.4,18.69,25.84,14.2,29.19,33.16,24.74,27.83,2.49
Customer 316,20.09,28.21,19.13,17.9,39.24,22.9,28.07,26.14,14.76,19.45,23.52,27.51,0
Customer 317,30.11,26.4,33.82,17.6,25.82,17.84,28.01,20.81,34.19,33.77,18.63,24.44,0.34
Customer 318,16.9,8.44,27,13.93,32.57,31.78,19.14,31.15,35.68,27.51,13.15,15.53,0
Customer 319,30.73,27.26,35.89,28.52,31.19,15.91,32.98,22.07,36.08,27.83,22.87,13.75,1.69
Customer 320,29.47,16.53,17.48,22.49,16.54,24.62,33.28,36.17,25.06,16.72,28.84,20.27,0
Customer 321,17.26,40.03,34.8,14.17,21.46,40.36,36.83,15.98,18.48,41.09,16.93,27.97,4.77
Customer 322,34.1,26.21,17.28,30.73,21.14,33.9,22.43,33.65,21.68,23.65,21.36,38.01,0
Customer 323,15.96,15.5,23.98,21.03,19.97,15.52,31.19,37.85,31.66,32.7,18.99,21.71,0
Customer 324,42.29,13.7,40.44,58.75,28.75,21.58,17.65,27.17,20.54,23.28,43.37,31.48,1.5
Customer 325,26.84,25.12,13.88,16.04,15.02,24.93,32.04,16.66,20.63,30.82,22.92,19.05,0
Customer 326,27.06,17.46,31.09,23.3,42.6,39.92,25.78,11.73,20.28,24.78,25.16,21.75,4.4
Customer 327,33.57,19.61,28.92,16.18,30.84,36.36,16.7,32.73,29.6,45.55,30.54,28.05,5.07
Customer 328,20.9,41.66,26.75,14.48,18.49,13.59,22.9,17.32,21.8,29.43,15.86,20.77,0
Customer 329,30.4,20.07,18.33,26.88,26.59,32.97,34.89,23.71,33.23,30.17,26.66,22.3,2.53
Customer 330,33.7,10.77,17.29,27.31,29.35,30.08,20.58,20.67,26.96,16.84,22.67,20.95,0
Customer 331,25.17,32.51,32.6,26.24,21.23,19.63,15.44,42.86,45.55,20.17,18.55,9.99,0
Customer 332,32.36,26.97,33.77,28.62,33.74,26.61,22.61,35.92,22.52,24.46,19.09,22.85,3.03
Customer 333,26.03,15.58,28.56,20.73,24.22,24.77,12.84,21.57,22.73,27.39,40.17,26.63,0
Customer 334,16.88,24.43,34.01,24.31,19.36,29.43,40.77,24.43,29.77,22.73,19.66,19.01,4.11
Customer 335,15.52,22.92,26.41,25.03,27.41,20.83,20.21,36.13,45.37,28.19,16.43,22.06,0.23
Customer 336,25.03,12.31,30.44,23.81,25.2,19.01,22.76,28.35,16.76,29.55,23.23,20.21,0
Customer 337,34.24,30.74,21.7,29.78,34.5,29.69,15.28,18.84,35.96,23.8,20.31,18.91,0.41
Customer 338,22.97,36.12,24.96,29.97,16.56,19.19,20.72,27.69,23.1,19.5,21.94,17.48,1.88
Customer 339,19.64,32.05,25.76,29.76,22.15,15.56,36.82,43.51,13.7,26.09,22.92,22.02,0
Customer 340,20.14,23.94,28.95,22.75,19.1,30.25,14.68,17.85,18.01,22.73,27.35,29.26,0
Customer 341,30.21,35.37,21.5,15.78,55.75,27.91,15.9,28.43,20.94,27.53,32.15,25.81,0.22
Customer 342,12.76,20.78,27.8,13.48,20.33,33.34,24.45,15.61,24.82,30.18,19.58,21.5,1.91
Customer 343,14.67,19.2,22.13,23.23,26.8,33.24,34.54,21.39,27.13,23.04,19.3,24.77,0
Customer 344,24.13,28.56,25.19,33.51,35.39,27.58,21.03,14.31,27.66,24.17,25.77,16.6,0
Customer 345,56.96,17.72,40.28,27.42,21.99,27.13,27.65,31.55,19.15,46.07,20.59,16.6,0
Customer 346,32.56,21.33,27.38,26.21,16.83,32.4,20.02,10.97,15.22,26.6,27.19,23.23,0.95
Customer 347,17.43,22.42,14.17,17.48,22.86,22.67,20.43,29.9,10.07,19.03,18.47,23.83,0
Customer 348,21.6,22.65,20.4,28.7,14.88,27.67,19.05,33.65,13.22,21.78,26.6,39.98,0
Customer 349,31.31,17.19,43.5,22.72,21.23,4.16,24.31,24.49,18.07,30.53,26.92,28.56,0.23
Customer 350,32.23,8.85,22.65,14.04,26.91,21.69,17.8,20.43,26.98,22.24,46.46,13.88,0
Customer 351,35.14,21.07,28.04,32.73,21.66,22.53,21.23,19.92,9.75,36.2,18.6,28.56,1.9
Customer 352,20.32,18.54,30.7,24.65,46.56,22.93,25.28,40.26,26.68,31.14,27.16,24.03,0
Customer 353,18.82,12.25,21.57,15.45,32.44,16.59,19.81,34.49,27.28,21.98,35.74,19.25,0
Customer 354,26.84,17.08,25.13,20.8,25.05,14.38,25.1,21.08,25.55,21.42,15.03,34.1,0.21
Customer 355,24.56,29.11,25.32,32.63,12.24,30.22,14.58,25.98,17.17,32.7,29.51,26.68,1.79
Customer 356,32.88,24.11,27.02,30.76,9.92,21.28,25.75,18.73,20.03,15.1,27.45,15.46,3.94
Customer 357,22.19,23.64,29.16,18.76,22.13,25.38,31.08,28.08,33.64,21.27,24.04,15.13,0
Customer 358,24.25,20.75,25.23,27.26,18.05,22.36,19.85,15.57,18.07,16.35,31.69,31.37,3.48
Customer 359,23.99,26.21,27.83,28.49,22.58,17.42,25.94,21.95,24.08,26.34,25.27,16.45,0
Customer 360,35.73,23.61,29.56,27.9,25.71,14.81,26.28,27.95,34.57,20.53,32.39,22.22,0.21
Customer 361,18,22.28,21.11,19.11,15.05,25.53,22.77,21.92,8.27,32.58,31.46,24.8,1.36
Customer 362,29.2,28.09,24.89,22.65,33.96,36.4,37.13,20.63,25.22,19.72,22.29,20.7,0
Customer 363,27.14,15.27,16.95,24.27,25.79,24.72,14.24,8.76,19.48,18.36,24.17,16.18,2.99
Customer 364,16.66,23.37,25.25,24.88,18.97,21.85,15.52,26.23,30.78,28.65,24.65,13.05,0
Customer 365,37.26,19.59,24.82,15.35,21.67,33.98,15.81,10.21,12.42,30.69,14.32,17.28,1.52
Customer 366,34.19,22.96,24.92,17.15,33.41,16.09,10.29,22.41,33.14,22.83,29.06,15.11,0
Customer 367,24.07,17.8,21.07,28.39,16.21,17.29,27.54,31.39,25.38,30.65,24.53,12.41,4.95
Customer 368,38.16,23.62,15.88,27.95,30.4,25.24,27.02,24.92,40.24,40.21,17,29.9,0
Customer 369,17.98,22.72,20.34,36.48,23.88,22.78,29.52,44.59,40.7,18.4,45.36,27.65,0
Customer 370,30.29,17.36,16.5,27.8,17.27,30.44,28.2,15.84,20.2,23.12,31.57,24.61,1.19
Customer 371,17.88,18.03,35.42,27.21,17.27,23.37,20.99,35.66,39.23,24.82,27.13,25.17,0
Customer 372,23.76,25.23,43.18,13.26,32.5,32.59,26.13,37.89,16.76,33.37,20.67,14.69,0
Customer 373,23.37,39.15,29.17,26.58,35.5,34.49,35.38,29.57,27.71,23.77,34.46,12.11,0.85
Customer 374,37.71,57.19,19.79,19.23,29.57,20.4,20.17,25.2,30.33,10.93,31.37,19.23,1.64
Customer 375,32.69,19.31,21.73,25.61,19.62,24.61,18.4,20.59,20.42,25.4,37.58,15.68,0
Customer 376,29.66,13.83,29.51,18.94,25.93,35.69,31.94,17.75,18.69,25.46,26.49,26.43,0.85
Customer 377,23.14,10.68,32.49,23.23,26.28,21.65,22.76,31.4,24.24,22.79,30.68,38.83,0
Customer 378,23.31,25.57,24.8,36.01,28.32,24.19,16.75,25.08,16.95,20.43,19.39,31.42,0
Customer 379,21.42,26.24,23.53,26.63,40.98,39.37,24.54,47.84,26.37,25.76,26.11,41.16,0
Customer 380,19.43,19.23,24.91,8.58,16.87,19.9,18.23,30.05,25.84,19.24,22.25,19.11,4.54
Customer 381,18.9,16.81,28.13,18.9,25.14,17.52,18.71,18.14,31.86,27.66,16.31,20.68,0
Customer 382,16.84,24.92,30.87,27.24,22.13,30.98,19.83,24.89,20,32.66,20.1,38.39,1.43
Customer 383,34.12,27.8,19.35,20.89,24.27,22.48,37.42,28.36,27.88,19.18,13.29,26.43,0
Customer 384,19.09,15.43,32.32,39.35,22.08,19.23,17.59,14.15,15.21,12.1,22.25,34.03,1.82
Customer 385,26.85,20.46,24.61,18.34,35.79,20.79,26.9,24.95,28.83,27.55,35.52,37.75,0.91
Customer 386,17.2,14.79,37.49,21.95,26.49,30.17,25.97,27.78,21.51,21.47,21.6,30.12,0.47
Customer 387,38.29,27.88,17.55,16.95,23.64,42.55,29.75,23.66,24.38,27.86,33.68,24.91,0
Customer 388,26.16,17.72,28.96,39.45,18.18,24.65,26.7,21.23,25.73,43.1,22.13,25.3,1.97
Customer 389,27.97,9.28,17.38,29.99,30.58,9.23,12.7,19.09,19.95,20.63,29.29,21.54,0
Customer 390,25.54,30.92,23.53,27.67,27.87,15.1,21.48,28.8,22.96,25.66,29.38,19.23,0
Customer 391,33.88,12.49,26.77,16.8,40.79,21.81,27.45,30.17,22.77,20.7,15.87,30.49,0.84
Customer 392,31.29,14.46,12.42,23.54,25.97,18.16,27.94,28.15,30,23.62,23.85,25.25,2.96
Customer 393,35.32,15.01,27.07,36.98,20.3,20.69,18.85,16.96,32.68,26.5,18.78,11.72,0
Customer 394,36.83,19.4,24.74,38.55,29.03,43.7,34.01,16.79,13.58,21.23,21.89,18.89,0
Customer 395,14.85,16.53,21.8,20.78,19.86,31.91,23.4,27.25,26.96,16.31,11.47,13.91,0
Customer 396,32.68,23.74,30.83,10.28,28.36,26.8,32.62,14.64,12.16,19.41,28.93,14.1,0
Customer 397,31.17,30,18.9,22.79,17.8,29.97,23.12,23.2,24.77,22.79,26.07,16.61,0.94
Customer 398,44.24,10.17,28.22,25.25,13.35,28.25,11.13,22.66,21.14,28.14,22.84,24.57,0
Customer 399,17.37,22.26,23.48,28.53,16.68,16.62,27.08,49.17,15.02,16.77,32.86,26.87,0
Customer 400,19.33,20.48,32.61,27.36,28.49,22.65,24.75,28.31,15.08,28.77,24.42,29.32,0
Customer 401,40.61,20.01,35.7,23.38,36.53,33.69,23.26,41.51,27.33,16.97,16.1,28.04,1.08
Customer 402,8.95,30.88,25.35,34.37,30.54,18.94,7.51,33.04,41.45,13.28,40.73,19.53,4.8
Customer 403,29.09,15.35,21.54,35.85,31.72,33.15,24.06,26.31,18.38,31.76,16.24,16.19,0.33
Customer 404,28.42,18.79,26.89,33.34,16.28,37.99,18.11,27.69,18.97,20.78,12.75,16.15,0
Customer 405,24.85,18.99,25.44,28.13,23.51,26.27,18.04,17.55,15.29,18.46,17.51,17.09,0
Customer 406,15.38,12.93,13.63,24.58,19.17,18.32,20.56,34.94,30.91,26.09,20.06,19.63,0.23
Customer 407,9.92,20.22,30.26,24.43,41.05,31.09,9.78,23.07,25.24,41.65,23.4,17.92,0
Customer 408,19.35,27.59,24.04,15.15,39.09,24.36,25.37,18.77,18.95,36.4,27.77,34.57,0
Customer 409,29.43,19.15,20.65,15.25,34.54,16.76,21.81,25.7,16.3,25.08,34.31,23.4,1.28
Customer 410,16.73,24.54,37.82,22.76,33.58,29.11,15.06,23.23,17.71,27.28,33,21.18,0
Customer 411,22.04,18.32,55.32,23.19,23.77,14.56,24.2,30.18,36.98,20.49,28.01,17.96,1.6
Customer 412,16.31,12.23,29.1,22.39,21.16,23.2,25.9,41.16,32.87,27.04,32.69,50.04,0
Customer 413,35.45,19.49,35.12,33.23,25.81,40.94,34.71,31.35,23.89,25.57,18.88,18.62,4.7
Customer 414,22.95,25.2,15.22,25.37,31.24,25.55,39.06,14.01,28.74,32.49,21.91,28.27,0
Customer 415,26.82,19.24,28.22,19.41,14.61,18.67,20.96,24.21,12.77,17.99,22.21,30.79,0
Customer 416,23.84,18.92,23.7,25.3,21.32,27.19,29.46,31.55,18.43,30.92,23.07,31.76,0
Customer 417,14.07,13.35,25.44,29.36,14.52,27.34,14.32,21.09,26.02,29.69,15.91,34.99,2.43
Customer 418,21.85,22.85,12.05,13.39,21.74,18.72,36.65,29.31,23.68,24.51,30.14,30.98,0
Customer 419,31.1,23.89,11.37,30.57,24.13,39.51,18.75,24.11,24.62,13.76,21.26,17.79,4.39
Customer 420,26.61,18.53,31.37,22.43,39.76,26,21.51,22.58,22.17,22.88,36.22,21.38,1.36
Customer 421,28.55,32.57,20.93,15.32,30.2,23.34,32.01,27.19,19.3,6.61,41.96,27.06,0
Customer 422,17.25,33.24,35.42,28.69,21.66,17.91,26.81,17.04,25.65,21.16,30.03,30.86,0
Customer 423,25.38,32.03,36.07,38.69,28.97,44.09,24.63,38.67,43.34,28.89,15.83,14.84,4.37
Customer 424,17.36,17.78,25.95,31.41,23.54,34.18,26.11,16.92,26.25,25.97,19.49,21.25,0
Customer 425,33.13,27.44,29.55,17.61,26.23,21.13,37.21,39.49,42.42,32.37,36.18,26.97,3.11
Customer 426,13.5,24.49,18.77,21.56,20.47,29.08,28.4,31.41,28.99,31,17.55,21.84,1.31
Customer 427,9.74,21.6,29.81,24.06,22.52,10.67,19.13,33.79,8.39,8.62,29.46,25.86,0
Customer 428,22.02,16.39,18.91,23.65,21.65,33.15,36.22,26.34,30.82,16.08,30.81,23.71,1.52
Customer 429,19.64,25.02,26.31,22.28,28.8,22.51,31.41,13.41,19.75,26.64,27.22,28.43,0
Customer 430,30.93,15.67,16.59,19.11,15.22,33.91,34.91,21.92,20.58,29.88,27.01,48.2,0.18
Customer 431,23.69,22.53,28.08,30.75,21.64,22.21,13.55,11.49,42.98,30.3,18.86,20.11,1.78
Customer 432,12.52,13.33,15.55,18.15,26.26,10.67,28.79,34.97,20.44,17.51,25.8,12.15,0
Customer 433,26.01,21,44.77,22.39,31.28,13.58,26.8,35.24,21.39,23.31,34.6,18.56,3.36
Customer 434,24.97,20.08,22.83,23.23,26.7,25.56,29.1,35.9,33.37,31.62,19.24,17.37,0
Customer 435,22.54,27.31,21.66,19.52,55.76,23.3,23.13,20.26,13.94,19.51,26.71,24.6,0
Customer 436,31.27,19.22,31.99,34.07,14.13,37.49,22.48,12.34,37.62,28.79,20.02,21.23,0
Customer 437,42.02,32.19,16.66,25.84,10.84,25.56,25.92,33.13,24.48,21.08,22.24,16.49,0.43
Customer 438,31.4,17.44,19.45,26.51,28.77,12.47,34.52,20.08,22.65,14.41,18.53,20.8,1.1
Customer 439,12.6,17.94,21.49,17.89,30.24,22.84,30.04,31.96,24.35,26.37,21.04,18.19,0.34
Customer 440,30.17,28.24,24.93,33.56,28.99,27.68,17.68,18.28,29.22,25.22,28.14,20.56,0
Customer 441,38.22,19.8,27.96,21.46,31.54,27.66,24.12,50.05,44.8,13.96,12.07,35.91,0.69
Customer 442,26.68,18.11,26.94,23.91,24.07,40.7,30.12,17.97,16.4,19.26,27.15,26.39,0.99
Customer 443,29.59,28.18,23.11,28.08,21.94,19.01,45.7,25.87,15.65,23.93,20.14,23.21,0.65
Customer 444,29.64,14.57,25.27,22.85,23.94,28.96,24.29,30.92,28.82,7.27,15.4,25,0
Customer 445,23.67,24.31,30.24,20.08,29.71,28.2,20.59,26.64,30.84,20.09,15.87,35.58,0
Customer 446,20.13,18.68,21.9,30.76,36.9,22.38,25.24,32.59,19.05,19.02,26.85,37.48,0
Customer 447,33.51,25.92,28.91,22.79,22.56,35.56,20.47,28.07,30.38,20.64,26.76,11.55,0
Customer 448,10.34,42.7,21.76,15.62,15.8,10.36,35.75,20.68,21.72,23.46,24.21,22.49,2.4
Customer 449,23.94,19.88,39.6,16.73,25.03,10.11,26.58,31.65,24.19,33.74,23.99,27.42,0
Customer 450,6.19,16.88,45.01,41.76,33.72,15.12,24.92,15.08,14.14,36.13,28.89,23.68,0
Customer 451,29.45,19.68,21.25,26.56,28.18,17.28,21.59,29.13,26.36,26.73,21.23,19.16,1.4
Customer 452,24.36,22.77,21.22,36.45,18.54,24.59,34.79,33.14,25.08,28.33,27.11,23.45,1.92
Customer 453,13.07,12.82,20.57,32.19,25.77,35.01,22.13,18.45,22.14,25.01,21.01,17.76,0
Customer 454,20.73,21.28,40.74,20.98,29.74,33.56,28.51,37.03,33.35,32.49,20.82,26.37,3.26
Customer 455,44.71,14.55,33.56,35.38,24.84,50.57,41.51,23.19,30.62,28.67,23.4,40.5,0
Customer 456,42.31,20.94,21.15,10.22,14.61,21.27,20.31,41.32,24.55,28.16,23.04,26.4,0
Customer 457,23.95,17.52,14.83,44.57,31.18,27.14,17.56,13.06,34.12,17.85,18.02,38.95,1.42
Customer 458,38.89,27.29,22.62,34.7,22.71,21.4,23.87,20.14,15.8,22.86,15.05,17.99,0
Customer 459,18.73,18.15,37.92,7.91,24.37,15.76,15.15,37.25,17.38,23.9,18.07,26.2,1.25
Customer 460,34.04,27.68,25.16,22.47,16.47,35.42,30.37,25.13,22.54,20.44,26.31,22.71,0.4
Customer 461,23.79,12.94,16.7,36.23,16.98,26.67,17.54,22.3,10.94,43.02,27.8,23.68,0
Customer 462,19.08,22.38,19.27,21.25,33.33,13.2,32.53,30.71,22.37,30.78,28.65,15.39,0
Customer 463,33.48,13.94,23.03,23.53,16.19,23.66,28.1,19.11,19.43,23.68,27.08,34.02,0
Customer 464,27.01,22.11,20.63,18.04,20.58,13.94,18.07,15.29,23.99,29.69,18.66,26.2,0
Customer 465,25.65,33.63,26.51,22.89,26.32,21.27,41.21,20.31,22.33,31.43,18.65,26.54,0.31
Customer 466,29.26,27,24.76,18.74,32.01,38.65,9.09,20.3,24.15,22.64,23.13,35.12,2.16
Customer 467,15.76,21.31,28.63,35.84,13.44,19.73,37.19,28.29,14.72,33.59,17.58,21.08,0
Customer 468,23.83,17.85,30.53,10.89,32.28,21.96,30.04,28.67,20.97,15,20.19,13.53,1.91
Customer 469,49.47,21.88,19.88,23.6,28.48,24.4,21.95,11.6,14.87,28.98,16.74,30.88,1.69
Customer 470,39.08,27.05,28.6,18.4,33.18,37.57,15.93,24.95,17.47,19.34,22.31,20.77,0.15
Customer 471,24.13,18.55,38.19,31.28,8.91,38.88,36.8,25.3,15.82,20.75,21.98,29.3,1.83
Customer 472,27.52,24.71,39.58,19.9,33.47,27.57,19.14,28.93,25.98,15.84,28.19,15.93,0.87
Customer 473,16.03,20.34,22.55,26.29,37.94,10.6,28.67,30.48,13.99,36.73,28.15,28.56,0.25
Customer 474,31.6,22.24,25.51,17.91,13.26,16.52,26.59,23.24,17,36.37,18.18,35.02,0
Customer 475,27.18,20.77,13.21,29.5,37.6,16.15,34.44,31.76,42.41,25.81,18.09,40.04,0
Customer 476,28.57,19.06,23.06,27.24,42.16,17.85,16.62,18.87,35.77,25.4,30.78,27.58,0
Customer 477,23.55,10.52,27.9,16.57,11.6,36.24,17.32,32.96,24.56,20.4,21.24,10.13,0
Customer 478,37.08,31.43,15.24,19.17,23.85,18.33,29.97,20.6,26.66,29.77,36.98,20.35,0
Customer 479,19.48,24.1,20.77,30.28,39.45,32.85,13.43,27.83,31.28,18.74,36.64,29.56,1.73
Customer 480,18.21,16.49,20.65,14.13,18.84,13.37,9.74,14.26,26.81,28.55,30.85,19.8,0
Customer 481,41.64,17.44,32.84,33.85,19.57,24.16,32.44,19.52,24.4,41.14,37.55,15.48,1.38
Customer 482,25.45,25.05,54.54,16.45,33.46,24.05,17.9,31.69,27.43,14.63,16.62,26.66,0
Customer 483,36.75,22.86,16.48,24.82,39.38,27.76,26.78,28.82,22.36,28.27,16.45,28.75,0
Customer 484,21.57,16.54,11.84,26.17,23.01,25.33,26.8,20.78,30.57,33.28,22.45,17.35,0
Customer 485,37.81,29.52,7.13,20.15,30.74,35.96,26.3,28.44,35.58,24.97,22.95,27.18,1.99
Customer 486,30.84,12.69,16.62,13.09,22.95,16.83,13.44,36.01,32.35,33.37,23.93,19.64,0.45
Customer 487,36.29,30.48,24.24,21.31,40.68,32.93,8.16,23.09,20.46,19.87,21.07,33.08,1.01
Customer 488,33.31,21.99,24.48,20.66,20.34,20.21,13.28,12.89,33.56,36.12,21.69,17.16,1.71
Customer 489,33.36,27.73,20.44,45.74,18.93,30.05,33.46,19.29,26.63,12.08,23.27,22.06,0.7
Customer 490,29.04,29.1,37.52,35.38,33.47,26.3,39.36,28.71,28.1,27.77,30.96,21.54,1.14
Customer 491,14.45,15.33,19.32,26.38,12.97,26.99,28.92,33.34,24.82,26.71,42.3,20.38,0
Customer 492,20.79,32.24,24.47,24.84,16.7,45.31,25.67,6.29,23.1,39.52,24.2,26.03,0
Customer 493,19.5,14.86,18.77,30,15.2,35.54,38.51,24.63,24.42,28,26.09,23.02,0
Customer 494,30.68,27.13,27.84,23.43,32.64,19.31,35.09,20.77,18.31,18.19,20.18,27.6,0
Customer 495,38.47,24.51,21.2,14.03,18.99,17.8,30.3,13.82,26.59,19.09,32.26,28.18,2.48
Customer 496,24.49,13.18,21.1,21.88,25.99,18.3,34.07,24.57,34.76,24.61,18.58,21.05,0
Customer 497,28.45,19.09,38.17,31.52,48.3,17.63,19.59,25.55,14.84,32.1,32.83,29.47,2.96
Customer 498,33.82,20.39,30.72,22.3,20.72,36.02,25.08,5.29,38.57,26.31,31.34,25.3,1.7
Customer 499,20.13,31.21,25.97,37.72,16.19,43.3,28.31,11.96,24.19,29.25,35.22,12.31,1.47
Customer 500,32.66,15.82,13.69,28.75,12.79,13.34,18.2,21.34,15.23,22.96,51.86,27.2,1.88
